subject;timepoint;event;region;signal
s13;18;stim;parietal;-0.017551581538
s5;14;stim;parietal;-0.0808829319505
s12;18;stim;parietal;-0.0810330187333
s11;18;stim;parietal;-0.04613439017519999
s10;18;stim;parietal;-0.037970203264199996
s9;18;stim;parietal;-0.10351309616
s8;18;stim;parietal;-0.0644081947232
s7;18;stim;parietal;-0.0605262017124
s6;18;stim;parietal;-0.00702856091007
s5;18;stim;parietal;-0.0405568546157
s4;18;stim;parietal;-0.04881219994659999
s3;18;stim;parietal;-0.0471481458275
s2;18;stim;parietal;-0.08662295949179999
s1;18;stim;parietal;-0.046659046163800004
s0;18;stim;parietal;-0.0755699759477
s13;17;stim;parietal;-0.00826462526111
s12;17;stim;parietal;-0.08851175012250001
s7;9;stim;parietal;0.058896545296999996
s10;17;stim;parietal;-0.016846516627
s9;17;stim;parietal;-0.12157375579000004
s8;17;stim;parietal;-0.0762871207962
s7;17;stim;parietal;-0.043812021381900004
s6;17;stim;parietal;-0.014746389298100003
s5;17;stim;parietal;-0.0566820608044
s4;17;stim;parietal;-0.044581900875900006
s3;17;stim;parietal;-0.0535140677471
s2;17;stim;parietal;-0.07729240018860001
s1;17;stim;parietal;-0.0380205789406
s0;17;stim;parietal;-0.07130038539780001
s13;16;stim;parietal;-0.00285629387119
s12;16;stim;parietal;-0.08994336333610001
s11;16;stim;parietal;-0.04958703583380001
s10;16;stim;parietal;-0.013566317631600001
s9;16;stim;parietal;-0.131640690822
s8;16;stim;parietal;-0.0930243109477
s7;16;stim;parietal;-0.021897157826900004
s8;9;stim;parietal;0.170226886344
s5;16;stim;parietal;-0.0641378420404
s4;16;stim;parietal;-0.047433168385500005
s3;16;stim;parietal;-0.0710224022162
s2;16;stim;parietal;-0.06499816929169999
s1;16;stim;parietal;-0.0613560305246
s0;16;stim;parietal;-0.057715066878199994
s13;15;stim;parietal;-0.0109714632203
s12;15;stim;parietal;-0.08069796317139999
s11;15;stim;parietal;-0.07211219404710001
s10;15;stim;parietal;-0.028809304808099997
s9;15;stim;parietal;-0.134828403383
s8;15;stim;parietal;-0.112577596942
s7;15;stim;parietal;-0.00938312919114
s6;15;stim;parietal;-0.06872022524669999
s5;15;stim;parietal;-0.0705615378511
s4;15;stim;parietal;-0.0560310534918
s3;15;stim;parietal;-0.09073518152820001
s2;15;stim;parietal;-0.0554618569331
s1;15;stim;parietal;-0.110742321796
s0;15;stim;parietal;-0.053078664772300006
s13;14;stim;parietal;-0.0337133890149
s12;14;stim;parietal;-0.0682973367158
s11;14;stim;parietal;-0.11446883040400001
s10;14;stim;parietal;-0.0522877238724
s9;14;stim;parietal;-0.1302665983
s8;14;stim;parietal;-0.128447530062
s7;14;stim;parietal;-0.0151398384821
s6;14;stim;parietal;-0.09884463355350001
s11;17;stim;parietal;-0.041960488856
s4;14;stim;parietal;-0.0639904071723
s0;0;stim;frontal;-0.0214524594615
s3;14;stim;parietal;-0.110040787828
s1;14;stim;parietal;-0.169311681158
s0;14;stim;parietal;-0.052418751534199996
s13;13;stim;parietal;-0.0686374735514
s12;13;stim;parietal;-0.056306337975
s11;13;stim;parietal;-0.157834186994
s10;13;stim;parietal;-0.0738923487842
s9;13;stim;parietal;-0.119383455482
s8;13;stim;parietal;-0.1239496932
s7;13;stim;parietal;-0.030026322192
s6;13;stim;parietal;-0.133170667646
s5;13;stim;parietal;-0.0949707046582
s4;13;stim;parietal;-0.0747598671492
s3;13;stim;parietal;-0.1165517168
s2;13;stim;parietal;-0.052655737335700004
s1;13;stim;parietal;-0.224351323052
s1;0;stim;parietal;-0.064454004861
s13;12;stim;parietal;-0.10098417524900001
s12;12;stim;parietal;-0.052295304632900004
s11;12;stim;parietal;-0.178509701862
s10;12;stim;parietal;-0.08723241384569999
s9;12;stim;parietal;-0.09778899569380001
s8;12;stim;parietal;-0.0925108486782
s7;12;stim;parietal;-0.0403852425182
s6;12;stim;parietal;-0.150693428305
s5;12;stim;parietal;-0.11049636909000002
s4;12;stim;parietal;-0.0900360515443
s3;12;stim;parietal;-0.09130095093839999
s2;12;stim;parietal;-0.056376647172
s1;12;stim;parietal;-0.25548585958000003
s0;12;stim;parietal;-0.0529114831434
s13;11;stim;parietal;-0.11257541213
s12;11;stim;parietal;-0.05662844770740001
s11;11;stim;parietal;-0.150709342539
s10;11;stim;parietal;-0.0780802842964
s9;11;stim;parietal;-0.072241225574
s8;11;stim;parietal;-0.0280246228922
s7;11;stim;parietal;-0.030991180776400007
s6;11;stim;parietal;-0.134795422743
s5;11;stim;parietal;-0.120694930753
s4;11;stim;parietal;-0.12854654313
s3;11;stim;parietal;-0.023273732815200003
s2;11;stim;parietal;-0.0734168172716
s1;11;stim;parietal;-0.238473764277
s0;11;stim;parietal;-0.0514694724514
s13;10;stim;parietal;-0.0745026100443
s12;10;stim;parietal;-0.0669700192247
s11;10;stim;parietal;-0.072780476678
s10;10;stim;parietal;-0.0417023096317
s9;10;stim;parietal;-0.0323796382167
s8;10;stim;parietal;0.0651975099421
s7;10;stim;parietal;0.0016484911058300001
s6;10;stim;parietal;-0.0754333889525
s5;10;stim;parietal;-0.114761917544
s4;10;stim;parietal;-0.15265246158
s3;10;stim;parietal;0.0892314787638
s2;10;stim;parietal;-0.0876876805188
s1;10;stim;parietal;-0.13304099332699998
s0;10;stim;parietal;-0.04791497301580002
s13;9;stim;parietal;0.0132453345685
s12;9;stim;parietal;-0.0623350210256
s11;9;stim;parietal;0.0454185313729
s10;9;stim;parietal;0.0310064467776
s9;9;stim;parietal;0.029052961628
s2;14;stim;parietal;-0.052874529950099995
s6;9;stim;parietal;0.00901740401094
s7;3;stim;parietal;0.00954793068239
s0;7;stim;parietal;0.0743427528433
s3;9;stim;parietal;0.22171613873000004
s2;9;stim;parietal;-0.082613396203
s1;9;stim;parietal;0.057891763880400016
s0;9;stim;parietal;-0.035586997112500005
s13;8;stim;parietal;0.130991047051
s12;8;stim;parietal;-0.0275774798409
s11;8;stim;parietal;0.169673297351
s10;8;stim;parietal;0.136290736966
s9;8;stim;parietal;0.121580532588
s8;8;stim;parietal;0.263207487992
s7;8;stim;parietal;0.13317559372999999
s6;8;stim;parietal;0.112147204561
s5;8;stim;parietal;0.006805135398060001
s4;8;stim;parietal;0.017534785968
s3;8;stim;parietal;0.337143297554
s6;2;stim;parietal;-0.0307806076045
s1;8;stim;parietal;0.29463915741999996
s0;8;stim;parietal;0.00510065001767
s13;7;stim;parietal;0.24074707368599998
s12;7;stim;parietal;0.0501726783253
s11;7;stim;parietal;0.254042321237
s10;7;stim;parietal;0.245641759705
s9;7;stim;parietal;0.23823081561999998
s8;7;stim;parietal;0.312811033675
s7;7;stim;parietal;0.198789642958
s6;7;stim;parietal;0.214479570066
s5;7;stim;parietal;0.119176862322
s4;7;stim;parietal;0.22044852459199998
s3;7;stim;parietal;0.39046573376000004
s2;7;stim;parietal;0.0457436269453
s1;7;stim;parietal;0.494786865197
s4;9;stim;parietal;-0.11424198196699999
s13;6;stim;parietal;0.291884318776
s12;5;stim;parietal;0.24813800944800002
s2;6;stim;frontal;0.10105043220599999
s1;6;stim;parietal;0.564984721448
s2;6;stim;parietal;0.143436119997
s3;6;stim;parietal;0.340479918138
s4;6;stim;parietal;0.40584005702799997
s5;6;stim;parietal;0.22149288327799999
s12;6;stim;parietal;0.157799926472
s7;6;stim;parietal;0.218061194469
s8;6;stim;parietal;0.298009042033
s9;6;stim;parietal;0.34591807436800004
s10;6;stim;parietal;0.296960232897
s11;6;stim;parietal;0.262771101488
s0;6;stim;parietal;0.143093371757
s6;6;stim;parietal;0.270955810073
s13;5;stim;parietal;0.25262726434099997
s6;5;stim;parietal;0.23917509783399998
s11;5;stim;parietal;0.194215001153
s10;5;stim;parietal;0.253871308297
s9;5;stim;parietal;0.381495102897
s8;5;stim;parietal;0.21285483643300002
s7;5;stim;parietal;0.177629510785
s5;5;stim;parietal;0.26005706923599997
s4;5;stim;parietal;0.460896318187
s3;5;stim;parietal;0.19918833824
s2;5;stim;parietal;0.209354958128
s1;5;stim;parietal;0.476055495497
s0;5;stim;parietal;0.17553169760600001
s13;4;stim;parietal;0.136219459793
s12;4;stim;parietal;0.261283304881
s2;8;stim;parietal;-0.0374066054162
s11;4;stim;parietal;0.0871751702674
s7;2;stim;parietal;-0.0348741834216
s4;2;stim;parietal;-0.0281087303981
s8;4;stim;parietal;0.0931813640265
s7;4;stim;parietal;0.0933092582309
s6;4;stim;parietal;0.136847472437
s5;4;stim;parietal;0.208112190773
s4;4;stim;parietal;0.346774672362
s3;4;stim;parietal;0.0278785465127
s2;4;stim;parietal;0.196461030367
s1;4;stim;parietal;0.287293980823
s0;4;stim;parietal;0.15405788336100001
s13;3;stim;parietal;0.00841751428481
s12;3;stim;parietal;0.185581486022
s11;3;stim;parietal;-0.010137985855899999
s10;3;stim;parietal;0.0458383526337
s9;3;stim;parietal;0.164445987706
s10;4;stim;parietal;0.143985648987
s8;3;stim;parietal;-0.00612280734889
s6;3;stim;parietal;0.027562364835599998
s5;3;stim;parietal;0.0927117312126
s4;3;stim;parietal;0.141458050647
s3;3;stim;parietal;-0.08970777078
s2;3;stim;parietal;0.10891557022199999
s1;3;stim;parietal;0.0922207832283
s0;3;stim;parietal;0.08639892293880001
s13;2;stim;parietal;-0.06291590684659999
s12;2;stim;parietal;0.0772772101448
s11;2;stim;parietal;-0.0590890319945
s10;2;stim;parietal;0.0117514891824
s9;2;stim;parietal;0.040620181407900004
s8;2;stim;parietal;-0.0499640186404
s5;2;stim;parietal;-0.0174990444292
s3;2;stim;parietal;-0.11056526279000001
s9;4;stim;parietal;0.307250437048
s2;2;stim;parietal;0.00879137477466
s1;2;stim;parietal;-0.035153391354300005
s0;2;stim;parietal;0.00964152991767
s13;1;stim;parietal;-0.0642564530879
s12;1;stim;parietal;0.010624696534
s11;1;stim;parietal;-0.059354144857199996
s10;1;stim;parietal;0.029822198264599996
s9;1;stim;parietal;-0.0127649638126
s8;1;stim;parietal;-0.0495315318358
s7;1;stim;parietal;-0.0238826223038
s6;1;stim;parietal;-0.0373259336173
s5;1;stim;parietal;-0.0639066373872
s4;1;stim;parietal;-0.08217435804039999
s3;1;stim;parietal;-0.0614603544278
s2;1;stim;parietal;-0.0420866174374
s1;1;stim;parietal;-0.0744017875989
s0;1;stim;parietal;-0.0357352139038
s13;0;stim;parietal;-0.042466603073699996
s12;0;stim;parietal;0.00335775487784
s11;0;stim;parietal;-0.0446339217791
s10;0;stim;parietal;0.0526185471798
s9;0;stim;parietal;-0.0183692770271
s8;0;stim;parietal;-0.0343397320837
s7;0;stim;parietal;0.00408135609976
s6;0;stim;parietal;-0.0233191548807
s5;0;stim;parietal;-0.0512277101955
s4;0;stim;parietal;-0.048868504750800006
s3;0;stim;parietal;-0.00857603635283
s2;0;stim;parietal;-0.0344071864202
s5;9;stim;parietal;-0.0748428067959
s0;13;stim;parietal;-0.05526368072769999
s6;16;stim;parietal;-0.039950784210800006
s10;4;stim;frontal;0.0300440528842
s11;4;stim;frontal;0.075957371738
s3;0;stim;frontal;0.0110564879557
s4;0;stim;frontal;-0.0175155017738
s5;0;stim;frontal;-0.0229773510382
s6;0;stim;frontal;-0.00794660736514
s7;0;stim;frontal;-0.0208637774128
s8;0;stim;frontal;0.01885189399
s9;0;stim;frontal;0.00288790240614
s10;0;stim;frontal;0.0743989963727
s11;0;stim;frontal;-0.028422663656
s12;0;stim;frontal;0.038392460917699996
s13;0;stim;frontal;-0.0382661560354
s0;1;stim;frontal;-0.0210536291102
s1;1;stim;frontal;-0.0602726368389
s2;1;stim;frontal;-0.036432999521
s3;1;stim;frontal;-0.0102617412665
s1;0;stim;frontal;-0.046048590200199996
s5;1;stim;frontal;-0.0271789021177
s6;1;stim;frontal;0.00956665177569
s7;1;stim;frontal;-0.0235255792331
s8;1;stim;frontal;-0.00923150443538
s9;1;stim;frontal;-0.005616425879319999
s10;1;stim;frontal;0.0635584004637
s11;1;stim;frontal;-0.046234614754900004
s12;1;stim;frontal;0.044769577296299996
s13;1;stim;frontal;-0.0464925630129
s0;2;stim;frontal;-0.00903763731098
s1;2;stim;frontal;-0.0375198109288
s2;2;stim;frontal;-0.0107439374483
s3;2;stim;frontal;-0.0573062927735
s4;2;stim;frontal;-0.022762958962500003
s5;2;stim;frontal;0.003835642103380001
s6;2;stim;frontal;0.025363154734999997
s7;2;stim;frontal;0.0017951089365799999
s8;2;stim;frontal;-0.042531903615499994
s9;2;stim;frontal;-0.0144415260014
s10;2;stim;frontal;0.0308917221226
s11;2;stim;frontal;-0.055153658518699994
s12;2;stim;frontal;0.0750666129231
s13;2;stim;frontal;-0.024230703115099998
s0;3;stim;frontal;0.026726699906
s1;3;stim;frontal;0.0575983739279
s2;3;stim;frontal;0.0574609669929
s3;3;stim;frontal;-0.07521335597249999
s4;3;stim;frontal;0.120453727716
s5;3;stim;frontal;0.08662940541549999
s6;3;stim;frontal;0.0611197845412
s7;3;stim;frontal;0.0640016003297
s8;3;stim;frontal;-0.047032247436499995
s9;3;stim;frontal;0.00206339929542
s10;3;stim;frontal;0.00959870090631
s11;3;stim;frontal;-0.0149878467224
s12;3;stim;frontal;0.112746171369
s13;3;stim;frontal;0.0483176784389
s0;4;stim;frontal;0.0705575292618
s1;4;stim;frontal;0.202122689315
s2;4;stim;frontal;0.128158046374
s3;4;stim;frontal;-0.00183480915545
s4;4;stim;frontal;0.324264821523
s5;4;stim;frontal;0.186011726948
s6;4;stim;frontal;0.134851244769
s7;4;stim;frontal;0.133497394423
s8;4;stim;frontal;-0.012083165600399999
s9;4;stim;frontal;0.040636219985800005
s4;1;stim;frontal;-0.050523020963399994
s12;4;stim;frontal;0.12304968245100001
s9;9;stim;frontal;-0.09656469547869999
s13;4;stim;frontal;0.147685336045
s1;5;stim;frontal;0.31585962119000005
s2;5;stim;frontal;0.149879208805
s3;5;stim;frontal;0.147985329126
s4;5;stim;frontal;0.455574818936
s5;5;stim;frontal;0.23602540167599997
s6;5;stim;frontal;0.21348405272999998
s7;5;stim;frontal;0.17616070682799995
s8;5;stim;frontal;0.042811448229199994
s9;5;stim;frontal;0.05895263951550001
s10;5;stim;frontal;0.0727310324172
s11;5;stim;frontal;0.160734983232
s12;5;stim;frontal;0.0910269415202
s13;5;stim;frontal;0.211232397262
s0;6;stim;frontal;0.059436141935199985
s1;6;stim;frontal;0.321334601283
s0;5;stim;frontal;0.0853869967994
s3;6;stim;frontal;0.28222157970600004
s4;6;stim;frontal;0.410660972614
s5;6;stim;frontal;0.196370293043
s6;6;stim;frontal;0.246783997558
s7;6;stim;frontal;0.171116812089
s8;6;stim;frontal;0.08611977472760003
s9;6;stim;frontal;0.0328062245407
s10;6;stim;frontal;0.09224495325410001
s11;6;stim;frontal;0.176109444388
s12;6;stim;frontal;0.0327580046721
s13;6;stim;frontal;0.195928278229
s0;7;stim;frontal;0.00799326090472
s1;7;stim;frontal;0.20494333068300002
s2;0;stim;frontal;-0.0169852108573
s3;7;stim;frontal;0.319009013543
s4;7;stim;frontal;0.218513616025
s5;7;stim;frontal;0.08822494738360001
s6;7;stim;frontal;0.20388410364700002
s7;7;stim;frontal;0.12677769874000006
s8;7;stim;frontal;0.102758652532
s9;7;stim;frontal;-0.0182161587995
s10;7;stim;frontal;0.071110215695
s11;7;stim;frontal;0.100876282424
s12;7;stim;frontal;-0.0155974400049
s13;7;stim;frontal;0.114907370649
s0;8;stim;frontal;-0.042792906461899996
s1;8;stim;frontal;0.0366848710068
s2;8;stim;frontal;-0.057302350145699996
s3;8;stim;frontal;0.24830210703400002
s4;8;stim;frontal;0.0109629220321
s5;8;stim;frontal;-0.0257432068711
s6;8;stim;frontal;0.10875302065999999
s7;8;stim;frontal;0.0665348868349
s8;8;stim;frontal;0.0875068441963
s9;8;stim;frontal;-0.0670740370935
s10;8;stim;frontal;0.0282991931797
s11;8;stim;frontal;-0.0173469329493
s12;8;stim;frontal;-0.0415716689544
s13;8;stim;frontal;0.013571183970700002
s0;9;stim;frontal;-0.0701018031155
s1;9;stim;frontal;-0.09276764864949999
s2;9;stim;frontal;-0.0861001606332
s3;9;stim;frontal;0.127788732332
s4;9;stim;frontal;-0.108728887449
s5;9;stim;frontal;-0.09737627624089999
s6;9;stim;frontal;0.008616637023540001
s7;9;stim;frontal;0.0121323837445
s8;9;stim;frontal;0.0468268440164
s2;7;stim;frontal;0.0147630317538
s10;9;stim;frontal;-0.00273381445136
s12;10;stim;frontal;-0.043594006113599995
s12;9;stim;frontal;-0.047257276732
s13;9;stim;frontal;-0.06805024910730001
s0;10;stim;frontal;-0.0604329894039
s1;10;stim;frontal;-0.14330215024
s2;10;stim;frontal;-0.0759355234177
s3;10;stim;frontal;0.0125251224024
s4;10;stim;frontal;-0.132442083726
s5;10;stim;frontal;-0.118450927525
s6;10;stim;frontal;-0.0759612307381
s7;10;stim;frontal;-0.024942025404500003
s8;10;stim;frontal;-0.00869981640303
s9;10;stim;frontal;-0.101177843264
s10;10;stim;frontal;-0.0153564272798
s11;10;stim;frontal;-0.159771972051
s13;10;stim;frontal;-0.110284644256
s6;14;stim;frontal;-0.08851137824510001
s0;11;stim;frontal;-0.0261040613509
s1;11;stim;frontal;-0.13364655005599999
s2;11;stim;frontal;-0.049446353537
s3;11;stim;frontal;-0.0675200493551
s4;11;stim;frontal;-0.107947321225
s5;11;stim;frontal;-0.10393681679300001
s6;11;stim;frontal;-0.138152435253
s7;11;stim;frontal;-0.0425787763138
s8;11;stim;frontal;-0.060692043695
s9;11;stim;frontal;-0.09275823315239999
s10;11;stim;frontal;-0.020110180842799998
s11;11;stim;frontal;-0.15456374771
s12;11;stim;frontal;-0.0353774985791
s0;12;stim;frontal;0.00306715009204
s13;11;stim;frontal;-0.11421541126700001
s1;12;stim;frontal;-0.09341070763699999
s4;14;stim;frontal;-0.0706921364543
s2;12;stim;frontal;-0.027012441705900003
s9;15;stim;frontal;-0.0480074675662
s4;12;stim;frontal;-0.0804438088945
s5;12;stim;frontal;-0.07953805172339999
s6;12;stim;frontal;-0.155545872019
s7;12;stim;frontal;-0.042475087106300005
s8;12;stim;frontal;-0.09682529697450001
s9;12;stim;frontal;-0.0836627537109
s10;12;stim;frontal;-0.019424671253
s11;12;stim;frontal;-0.11536878007099999
s12;12;stim;frontal;-0.032615656200900005
s13;12;stim;frontal;-0.0900874242966
s0;13;stim;frontal;0.0033298258602399997
s1;13;stim;frontal;-0.0527141572176
s2;13;stim;frontal;-0.016092268153799997
s3;13;stim;frontal;-0.107386192502
s4;13;stim;frontal;-0.0712268148965
s5;13;stim;frontal;-0.0546139708001
s6;13;stim;frontal;-0.132768265808
s7;13;stim;frontal;-0.026164597815099996
s8;13;stim;frontal;-0.109370504289
s9;13;stim;frontal;-0.07548380610330001
s10;13;stim;frontal;-0.0137401688662
s11;13;stim;frontal;-0.0652446872829
s12;13;stim;frontal;-0.0326627425606
s13;13;stim;frontal;-0.055233993508
s0;14;stim;frontal;-0.00269970487539
s1;14;stim;frontal;-0.0210033263802
s2;14;stim;frontal;-0.010428949296900001
s3;14;stim;frontal;-0.09036256363600001
s5;14;stim;frontal;-0.037696315052199995
s3;12;stim;frontal;-0.10347735239700001
s7;14;stim;frontal;-0.000925176693984
s10;16;stim;frontal;-0.0030570150062900004
s9;14;stim;frontal;-0.06181713710300001
s10;14;stim;frontal;-0.0071620233331
s11;14;stim;frontal;-0.029557810763500007
s12;14;stim;frontal;-0.0397865885476
s13;14;stim;frontal;-0.022505925822099995
s0;15;stim;frontal;-0.0119660179605
s1;15;stim;frontal;-0.00513411267168
s2;15;stim;frontal;-0.013845701867200001
s3;15;stim;frontal;-0.063136252215
s4;15;stim;frontal;-0.07093689687410001
s5;15;stim;frontal;-0.028026991808700004
s6;15;stim;frontal;-0.040139364069
s11;9;stim;frontal;-0.11430426359200001
s8;15;stim;frontal;-0.0848246341162
s10;15;stim;frontal;-0.00411803725385
s11;15;stim;frontal;-0.016906626259700002
s12;15;stim;frontal;-0.0496887494108
s13;15;stim;frontal;-7.56480581685e-05
s0;16;stim;frontal;-0.0213990846195
s1;16;stim;frontal;-0.0027187873155
s2;16;stim;frontal;-0.0306336275507
s3;16;stim;frontal;-0.0340231130191
s4;16;stim;frontal;-0.06593923040289999
s5;16;stim;frontal;-0.026811782099599998
s6;16;stim;frontal;-0.0029256033178100002
s7;16;stim;frontal;0.014300699118800001
s8;16;stim;frontal;-0.06450958840490001
s9;16;stim;frontal;-0.0367394383882
s0;17;stim;frontal;-0.0393222656115
s8;14;stim;frontal;-0.102197957935
s7;15;stim;frontal;0.015163029763
s11;16;stim;frontal;-0.0207952752934
s2;18;stim;frontal;-0.058470978469199984
s12;16;stim;frontal;-0.05946202186430001
s2;17;stim;frontal;-0.0490784875502
s3;17;stim;frontal;-0.0144004460979
s4;17;stim;frontal;-0.0625056570924
s5;17;stim;frontal;-0.029920708961200002
s6;17;stim;frontal;0.0385751908208
s7;17;stim;frontal;0.00121181141337
s8;17;stim;frontal;-0.04265739048830002
s9;17;stim;frontal;-0.0300992820085
s11;17;stim;frontal;-0.025345201288
s12;17;stim;frontal;-0.0601343617828
s13;17;stim;frontal;0.0234939806648
s0;18;stim;frontal;-0.0484297385322
s1;18;stim;frontal;-0.035852428488800006
s10;17;stim;frontal;-0.00457116262107
s3;18;stim;frontal;-0.0109204163368
s9;18;stim;frontal;-0.00995933986682
s1;17;stim;frontal;-0.015685861010700002
s0;0;stim;parietal;-0.0393266005945
s13;18;stim;frontal;0.0244253694066
s12;18;stim;frontal;-0.062332344586199996
s11;18;stim;frontal;-0.0307844658374
s10;18;stim;frontal;-0.00892838562082
s13;16;stim;frontal;0.014085462730499999
s8;18;stim;frontal;-0.0111144370761
s6;18;stim;frontal;0.0464997185079
s5;18;stim;frontal;-0.031012561254799998
s4;18;stim;frontal;-0.0632631135055
s7;18;stim;frontal;-0.019634012601999998
s3;4;cue;parietal;0.058218611496199994
s6;5;cue;parietal;0.0381453368558
s7;5;cue;parietal;-0.00815845041105
s8;5;cue;parietal;0.047136224538199996
s9;5;cue;parietal;0.05584730959840002
s10;5;cue;parietal;0.0378916680876
s0;4;cue;parietal;0.11532113825
s1;4;cue;parietal;0.14924178269000002
s12;5;cue;parietal;0.047576637131
s7;2;cue;parietal;-0.0766085900041
s8;2;cue;parietal;-0.021568717167199998
s9;2;cue;parietal;-0.009779187687450001
s4;5;cue;parietal;0.186053377099
s5;5;cue;parietal;0.0286996754562
s2;4;cue;parietal;0.0484638721715
s3;5;cue;parietal;0.08890360175169999
s2;5;cue;parietal;0.0072156380148500005
s1;5;cue;parietal;0.215735229271
s0;5;cue;parietal;0.102043892318
s13;4;cue;parietal;0.0536918415969
s12;4;cue;parietal;0.058198039644
s11;4;cue;parietal;0.00801326082815
s10;4;cue;parietal;0.0341087612233
s9;4;cue;parietal;0.06118767496930001
s8;4;cue;parietal;0.0312011634308
s7;4;cue;parietal;-0.0463474492093
s6;4;cue;parietal;0.022270933550299996
s5;4;cue;parietal;0.0515414564243
s4;4;cue;parietal;0.21311712457100002
s11;2;cue;parietal;-0.0548464730976
s10;2;cue;parietal;-0.0261177119822
s9;8;cue;parietal;-0.039841119629099996
s12;2;cue;parietal;-0.009485104106829999
s13;5;cue;parietal;0.08102674417780001
s4;14;cue;frontal;-0.026796022309599998
s8;8;cue;parietal;-0.0234004944386
s7;8;cue;parietal;0.0183984526248
s6;8;cue;parietal;-0.056233739376
s5;8;cue;parietal;-0.0570726138705
s4;8;cue;parietal;-0.181240908779
s3;8;cue;parietal;-0.016938743479599998
s2;8;cue;parietal;-0.0774126485299
s1;8;cue;parietal;-0.0657555651727
s0;8;cue;parietal;-0.00273843592227
s13;7;cue;parietal;0.003324151435
s12;7;cue;parietal;-0.010310669750299999
s10;7;cue;parietal;-0.039477242766
s5;14;cue;frontal;-0.0172127890483
s11;5;cue;parietal;0.0426131300884
s13;2;cue;parietal;-0.0293295919832
s13;3;cue;parietal;0.0007478637340930001
s12;3;cue;parietal;0.030269742656099996
s11;3;cue;parietal;-0.0321585389528
s10;3;cue;parietal;0.0020683005827400003
s9;3;cue;parietal;0.0292979500758
s8;3;cue;parietal;-0.0008228869715830001
s7;3;cue;parietal;-0.0713861989094
s6;3;cue;parietal;-0.00929622159607
s5;3;cue;parietal;0.046518559180300005
s4;3;cue;parietal;0.129606378289
s3;3;cue;parietal;0.0147962077845
s2;3;cue;parietal;0.049428130400800005
s1;3;cue;parietal;0.0330026478324
s0;3;cue;parietal;0.08504010878260003
s9;0;cue;frontal;-0.00811691318458
s9;6;cue;frontal;0.026863560506599996
s3;14;cue;frontal;-0.030613968525200007
s8;3;cue;frontal;-0.004987169077270001
s4;6;cue;frontal;0.0634867092855
s3;6;cue;frontal;0.0739015779525
s2;6;cue;frontal;-0.0544052334484
s1;6;cue;frontal;0.058831446676400015
s0;6;cue;frontal;0.050775750646000005
s13;5;cue;frontal;0.0567314714945
s12;5;cue;frontal;-0.00680544471978
s11;5;cue;frontal;0.015301035309500001
s10;5;cue;frontal;-0.00896435593861
s9;5;cue;frontal;0.047047564862
s8;5;cue;frontal;0.0182597693007
s7;5;cue;frontal;-0.0179456487935
s5;5;cue;frontal;0.0358297688961
s0;7;cue;frontal;0.034597218947800004
s6;3;cue;frontal;0.00890078602149
s2;14;cue;frontal;0.038996176809699995
s8;1;cue;frontal;-0.00470193318958
s7;1;cue;frontal;-0.045231826660199995
s6;1;cue;frontal;0.0140633977838
s5;1;cue;frontal;-0.018492885156199998
s4;1;cue;frontal;-0.0316738519857
s3;1;cue;frontal;0.000653061855057
s2;1;cue;frontal;-0.010528293727100001
s1;1;cue;frontal;-0.045580469935099996
s0;1;cue;frontal;0.0164397984053
s13;0;cue;frontal;-0.0125760065596
s12;0;cue;frontal;0.00523904905204
s11;0;cue;frontal;-0.0500327450639
s10;0;cue;frontal;-0.0124119927481
s11;8;cue;parietal;0.005470157629699999
s5;6;cue;frontal;0.012550962052700001
s6;6;cue;frontal;-0.021459549970499998
s7;6;cue;frontal;-0.00330716756452
s8;6;cue;frontal;0.022374201699900002
s2;5;cue;frontal;-0.013418023288600001
s1;5;cue;frontal;0.128592379736
s0;5;cue;frontal;0.06708639987119999
s13;4;cue;frontal;0.0587040696456
s12;4;cue;frontal;-0.0004570910724180001
s11;4;cue;frontal;-0.00453321687892
s10;4;cue;frontal;-0.0041326642896
s9;4;cue;frontal;0.0549092195229
s8;4;cue;frontal;0.00784968399311
s7;4;cue;frontal;-0.0308180082987
s6;4;cue;frontal;0.0024072842748800003
s5;4;cue;frontal;0.0408262184082
s4;4;cue;frontal;0.20417063097399998
s3;4;cue;frontal;0.053442922829400004
s2;4;cue;frontal;0.013211855295899999
s1;4;cue;frontal;0.112545102272
s0;4;cue;frontal;0.0697752064117
s13;3;cue;frontal;0.0341351352969
s12;3;cue;frontal;-0.00215893498758
s11;3;cue;frontal;-0.0368399595269
s10;3;cue;frontal;-0.0123926975795
s3;5;cue;frontal;0.0804468579247
s9;3;cue;frontal;0.0485983896956
s4;5;cue;frontal;0.188521242471
s6;5;cue;frontal;-0.007726105889909999
s13;6;cue;frontal;0.022420434875799998
s12;6;cue;frontal;-0.00885467067635
s11;6;cue;frontal;0.00573408069619
s10;6;cue;frontal;-0.027480803974099997
s10;8;cue;parietal;-0.0661645494002
s9;14;cue;frontal;0.010535492664399999
s12;8;cue;parietal;-0.0174229360442
s12;17;cue;frontal;0.0036709331864399996
s8;1;cue;parietal;-0.0226751874055
s7;1;cue;parietal;-0.07413183656280001
s6;1;cue;parietal;-0.00428350321103
s5;1;cue;parietal;0.0100858382625
s4;1;cue;parietal;-0.0374294562033
s3;1;cue;parietal;-0.0215063507368
s2;1;cue;parietal;0.00106607278632
s1;1;cue;parietal;-0.0709318988341
s0;1;cue;parietal;0.000300322694975
s13;0;cue;parietal;-0.018393733949400002
s12;0;cue;parietal;-0.0147968933344
s11;0;cue;parietal;-0.0518957509165
s10;0;cue;parietal;-0.0314295520884
s13;17;cue;frontal;-0.00419011651606
s11;17;cue;frontal;0.0737572737005
s13;8;cue;parietal;-0.0484351731185
s10;17;cue;frontal;0.005243757404229999
s12;15;cue;frontal;-0.00448951009453
s11;15;cue;frontal;0.0471023070477
s10;15;cue;frontal;0.0112412835158
s9;15;cue;frontal;0.0021702084283200004
s8;15;cue;frontal;0.025383209751499998
s7;15;cue;frontal;-0.027466991959
s6;15;cue;frontal;0.0100518294106
s5;15;cue;frontal;-0.0195068625872
s4;15;cue;frontal;-0.032512333508
s3;15;cue;frontal;-0.0223767538583
s2;15;cue;frontal;0.0247336480706
s1;15;cue;frontal;0.0125941591083
s0;15;cue;frontal;-0.019636632338
s9;1;cue;parietal;-0.027914575721400003
s10;1;cue;parietal;-0.0387324510709
s11;1;cue;parietal;-0.0589195061288
s12;1;cue;parietal;-0.025904224624799996
s7;0;cue;frontal;-0.0430214968651
s5;0;cue;parietal;0.00431520673796
s4;0;cue;parietal;-0.0459561860199
s3;0;cue;parietal;-0.021160150056599998
s2;0;cue;parietal;0.00614232810141
s1;0;cue;parietal;-0.0577055085078
s1;0;cue;frontal;-0.040937102696000004
s13;18;cue;frontal;-0.012163495715
s12;18;cue;frontal;0.0043837206407100005
s11;18;cue;frontal;0.0905198558908
s6;0;cue;parietal;0.0214495567704
s10;18;cue;frontal;-0.00325075890227
s8;18;cue;frontal;0.014358246517299996
s7;18;cue;frontal;-0.0374389826447
s6;18;cue;frontal;0.0122480941706
s5;18;cue;frontal;0.0225013307677
s4;18;cue;frontal;-0.045560288536400005
s3;18;cue;frontal;-0.0234015787962
s2;18;cue;frontal;0.015343379465399999
s1;18;cue;frontal;-0.0015336926013900002
s0;18;cue;frontal;-0.00349674253765
s9;18;cue;frontal;-0.0006433163982769999
s7;0;cue;parietal;-0.0635374390609
s8;0;cue;parietal;-0.015460331531100003
s9;0;cue;parietal;-0.0289925765556
s2;2;cue;parietal;0.0195906789676
s1;2;cue;parietal;-0.052212934781599996
s0;2;cue;parietal;0.033219554326999995
s13;1;cue;parietal;-0.025184002269900002
s13;14;cue;frontal;-0.00570123521875
s12;14;cue;frontal;-0.0033179533740100003
s11;14;cue;frontal;0.0501327381579
s6;2;cue;parietal;-0.0229244487433
s6;7;cue;parietal;-0.0198747030483
s5;7;cue;parietal;-0.0423492412146
s4;7;cue;parietal;-0.108222328291
s3;7;cue;parietal;0.0414749599559
s2;7;cue;parietal;-0.0781117179409
s1;7;cue;parietal;0.06564442019859999
s0;7;cue;parietal;0.025388883034099998
s13;6;cue;parietal;0.05722201441319999
s12;6;cue;parietal;0.0149150459614
s11;6;cue;parietal;0.05398855650719999
s10;6;cue;parietal;0.00620823813521
s9;6;cue;parietal;0.0173086844111
s8;6;cue;parietal;0.0353399574933
s7;6;cue;parietal;0.0233853400255
s6;6;cue;parietal;0.020649400612299997
s5;6;cue;parietal;-0.009096555114760001
s4;6;cue;parietal;0.0493844589057
s3;6;cue;parietal;0.0849996187345
s2;6;cue;parietal;-0.0468407445775
s1;6;cue;parietal;0.181532924007
s8;7;cue;parietal;0.00526227983545
s0;6;cue;parietal;0.0637987867698
s9;7;cue;parietal;-0.0234819381623
s11;7;cue;parietal;0.036892431833099995
s4;9;cue;parietal;-0.149299267642
s3;9;cue;parietal;-0.0659350721893
s2;9;cue;parietal;-0.053902534274000005
s1;9;cue;parietal;-0.152929131484
s0;9;cue;parietal;-0.020043653294900002
s7;7;cue;parietal;0.030374543163099996
s5;2;cue;parietal;0.0254025839431
s10;14;cue;frontal;0.0071673404014099985
s4;2;cue;parietal;0.021762353643299998
s8;14;cue;frontal;0.021794111017400003
s7;14;cue;frontal;-0.0198314565368
s6;14;cue;frontal;-0.0208147703811
s13;15;cue;frontal;-0.00305348061239
s3;2;cue;parietal;-0.013869412300200001
s0;16;cue;frontal;-0.0171919266504
s2;16;cue;frontal;0.0145098643656
s9;17;cue;frontal;-0.0049004083947
s8;17;cue;frontal;0.013762123577000001
s7;17;cue;frontal;-0.0444741031444
s6;17;cue;frontal;0.0204153378087
s5;17;cue;frontal;0.00588373422725
s4;17;cue;frontal;-0.044785627350399995
s3;17;cue;frontal;-0.0141380828752
s2;17;cue;frontal;0.010319405043399999
s1;17;cue;frontal;-0.00043873874897500017
s0;17;cue;frontal;-0.010375215296299999
s13;16;cue;frontal;-0.0025219123314
s12;16;cue;frontal;-0.00172336864926
s11;16;cue;frontal;0.057105395789199986
s10;16;cue;frontal;0.010163192917799999
s9;16;cue;frontal;-0.00428986666204
s8;16;cue;frontal;0.0163316275274
s7;16;cue;frontal;-0.0396866842019
s6;16;cue;frontal;0.031506509003400004
s5;16;cue;frontal;-0.0100683021535
s4;16;cue;frontal;-0.0408622819528
s3;16;cue;frontal;-0.0168074650838
s1;16;cue;frontal;0.00457908374535
s8;0;cue;frontal;0.010416979985799999
s7;12;cue;parietal;-0.020127482186799998
s6;0;cue;frontal;0.018652538309799998
s13;17;cue;parietal;-0.017293378635799998
s12;18;cue;parietal;-0.0114341079411
s11;18;cue;parietal;0.0431949665488
s10;18;cue;parietal;-0.043577498564800005
s9;18;cue;parietal;-0.051040172801099994
s8;18;cue;parietal;-0.0170971882592
s7;18;cue;parietal;-0.0133806287451
s6;18;cue;parietal;0.0195316379848
s5;18;cue;parietal;0.0371607084325
s4;18;cue;parietal;-0.052735580722400005
s3;18;cue;parietal;-0.0397100941829
s2;18;cue;parietal;0.0178053386573
s1;18;cue;parietal;-0.0263701313418
s0;18;cue;parietal;-0.0146635254755
s6;14;cue;parietal;-0.0142616476371
s11;17;cue;parietal;0.0318670051798
s13;18;cue;parietal;-0.0208155049959
s10;17;cue;parietal;-0.0312467589892
s9;17;cue;parietal;-0.0363623279856
s8;17;cue;parietal;-0.00591917445721
s7;17;cue;parietal;-0.026435320035799997
s6;17;cue;parietal;0.0279699301572
s5;17;cue;parietal;0.025827300027200004
s4;17;cue;parietal;-0.0373954538034
s3;17;cue;parietal;-0.0395893913264
s2;17;cue;parietal;0.0178025751851
s1;17;cue;parietal;-0.0104811213701
s0;17;cue;parietal;-0.0258956572719
s13;16;cue;parietal;-0.00937936303601
s12;16;cue;parietal;-0.022735163424
s12;17;cue;parietal;-0.0153776919753
s7;9;cue;parietal;-0.00015903753670700005
s11;16;cue;parietal;0.029306763807299997
s10;16;cue;parietal;-0.0169822376089
s9;16;cue;parietal;-0.0353947901914
s6;16;cue;parietal;0.0206264477832
s5;16;cue;parietal;0.0160045120059
s4;16;cue;parietal;-0.020759130944700003
s3;16;cue;parietal;-0.041899294928099996
s2;16;cue;parietal;0.0249311031
s1;16;cue;parietal;-0.00034926938083300004
s0;16;cue;parietal;-0.026121668593900003
s13;15;cue;parietal;-0.00138989175368
s12;15;cue;parietal;-0.0248011314139
s11;15;cue;parietal;0.037434527005199995
s10;15;cue;parietal;-0.008887011227049999
s9;15;cue;parietal;-0.0382567607244
s8;15;cue;parietal;0.0035904133751
s7;15;cue;parietal;-0.0138385715149
s6;15;cue;parietal;0.006440906502939999
s5;15;cue;parietal;0.00788463386574
s4;15;cue;parietal;-0.0122946946186
s3;15;cue;parietal;-0.0422532327786
s2;15;cue;parietal;0.0315954006514
s1;15;cue;parietal;0.0032377943669899996
s0;15;cue;parietal;-0.0256137872876
s13;14;cue;parietal;-0.0037138094437800004
s12;14;cue;parietal;-0.0218242453639
s11;14;cue;parietal;0.0413420912135
s10;14;cue;parietal;-0.01076149627
s9;14;cue;parietal;-0.034386455789699996
s8;14;cue;parietal;-0.007202160882479999
s7;14;cue;parietal;-0.00865464722562
s8;16;cue;parietal;0.000848484335915
s5;14;cue;parietal;0.00481594181701
s3;14;cue;parietal;-0.0483762564626
s5;0;cue;frontal;-0.027032713030400002
s2;13;cue;parietal;0.0394762595721
s13;11;cue;parietal;-0.0506949753525
s1;14;cue;parietal;-0.0190197680179
s0;14;cue;parietal;-0.031080444880300002
s13;13;cue;parietal;-0.009111630042
s12;13;cue;parietal;-0.020109147284799997
s11;13;cue;parietal;0.028160690140800002
s10;13;cue;parietal;-0.021587219240700003
s9;13;cue;parietal;-0.0169703491926
s8;13;cue;parietal;-0.0264047266
s7;13;cue;parietal;-0.014084210692700001
s6;13;cue;parietal;-0.030560872725800006
s5;13;cue;parietal;-0.00650677088446
s4;13;cue;parietal;-0.010612646217499999
s3;13;cue;parietal;-0.0637047193938
s2;14;cue;parietal;0.0358399852165
s10;11;cue;parietal;-0.0454599782412
s0;13;cue;parietal;-0.035779817917
s1;12;cue;parietal;-0.103784572155
s2;12;cue;parietal;0.030922674157599996
s3;12;cue;parietal;-0.0814599979227
s4;12;cue;parietal;-0.00709210399119
s1;13;cue;parietal;-0.0527102127415
s6;12;cue;parietal;-0.042589368053599995
s5;12;cue;parietal;-0.0220329006251
s8;12;cue;parietal;-0.0421123872143
s9;12;cue;parietal;-0.00404433151899
s10;12;cue;parietal;-0.0309973342255
s11;12;cue;parietal;-0.00237654002501
s12;12;cue;parietal;-0.0178295249988
s13;12;cue;parietal;-0.0257164101976
s0;12;cue;parietal;-0.036943354135300005
s12;10;cue;parietal;-0.0179281868977
s12;11;cue;parietal;-0.0185363979845
s9;10;cue;parietal;-0.0135379597181
s9;11;cue;parietal;-0.00414114683393
s8;11;cue;parietal;-0.045938702772599996
s7;11;cue;parietal;-0.020265760532099997
s6;11;cue;parietal;-0.0516043435149
s5;11;cue;parietal;-0.039027386376699995
s4;11;cue;parietal;-0.0190119095318
s3;11;cue;parietal;-0.0942313372239
s2;11;cue;parietal;0.00913697311649
s1;11;cue;parietal;-0.14978519266100002
s0;11;cue;parietal;-0.039001979212699996
s13;10;cue;parietal;-0.0733276094632
s4;14;cue;parietal;-0.0118680151433
s11;10;cue;parietal;-0.042917220338
s11;11;cue;parietal;-0.034447322855300014
s10;10;cue;parietal;-0.056047260253099994
s8;10;cue;parietal;-0.045905959259199984
s7;10;cue;parietal;-0.0142832458072
s6;10;cue;parietal;-0.0637547873885
s5;10;cue;parietal;-0.049764670767700005
s4;10;cue;parietal;-0.0689714268396
s3;10;cue;parietal;-0.0917491496902
s2;10;cue;parietal;-0.022062221294900004
s1;10;cue;parietal;-0.17645250841
s0;10;cue;parietal;-0.032698832431900006
s13;9;cue;parietal;-0.07507945052069999
s12;9;cue;parietal;-0.0173973079805
s11;9;cue;parietal;-0.026744402820200002
s10;9;cue;parietal;-0.0677246043773
s9;9;cue;parietal;-0.029546394276299997
s7;16;cue;parietal;-0.0245893063994
s8;9;cue;parietal;-0.039663695843300005
s0;0;cue;frontal;0.00776611182029
s3;11;cue;frontal;-0.088991179696
s3;12;cue;frontal;-0.07071404950839999
s2;12;cue;frontal;0.042362869768500004
s1;12;cue;frontal;0.0122552469576
s0;12;cue;frontal;-0.00712513368928
s13;11;cue;frontal;-0.0403692122031
s12;11;cue;frontal;-0.006349258059760001
s11;11;cue;frontal;0.0305283964358
s10;11;cue;frontal;-0.00150336559644
s9;11;cue;frontal;0.0203803438083
s8;11;cue;frontal;-0.014830160753
s7;11;cue;frontal;-0.0051140807625100005
s6;11;cue;frontal;-0.0520117791936
s5;11;cue;frontal;-0.023329026041
s4;11;cue;frontal;-0.0246927650157
s2;11;cue;frontal;0.0226803666835
s6;9;cue;parietal;-0.0692480810464
s1;11;cue;frontal;-0.0327696443626
s0;11;cue;frontal;0.00746043079225
s13;10;cue;frontal;-0.0662865277457
s12;10;cue;frontal;-0.00935375301823
s5;12;cue;frontal;-0.0181459403033
s11;10;cue;frontal;-0.00413791137607
s6;12;cue;frontal;-0.0436995941144
s8;12;cue;frontal;-0.007430693052729999
s1;14;cue;frontal;0.0202417407157
s0;14;cue;frontal;-0.0240757144387
s13;13;cue;frontal;-0.00938827240792
s12;13;cue;frontal;-0.004449969527930001
s11;13;cue;frontal;0.0595103573341
s10;13;cue;frontal;0.00439974274153
s4;12;cue;frontal;-0.016983906673999998
s3;7;cue;frontal;0.026668244755199997
s1;7;cue;frontal;-0.053825194023400004
s5;9;cue;parietal;-0.0567566311895
s4;0;cue;frontal;-0.039116488496500006
s3;0;cue;frontal;-0.000546239981701
s2;0;cue;frontal;0.00780174578614
s9;1;cue;frontal;0.00534188564044
s7;3;cue;frontal;-0.0396855716001
s10;1;cue;frontal;-0.022527165043700004
s12;1;cue;frontal;-0.00717138016831
s5;3;cue;frontal;0.025692650575599996
s4;3;cue;frontal;0.11851503795
s3;3;cue;frontal;0.0199464936977
s2;3;cue;frontal;0.00991479192006
s1;3;cue;frontal;0.0377499519166
s0;3;cue;frontal;0.0478587888422
s13;2;cue;frontal;0.00439599259064
s12;2;cue;frontal;-0.007507127919600002
s11;2;cue;frontal;-0.0567680902434
s10;2;cue;frontal;-0.0198766661917
s9;2;cue;frontal;0.027964419796899998
s8;2;cue;frontal;-0.0124962347482
s7;2;cue;frontal;-0.043013682712400005
s6;2;cue;frontal;0.009210766787489999
s5;2;cue;frontal;0.00212052147172
s4;2;cue;frontal;0.0188497629838
s3;2;cue;frontal;0.0024528362129800003
s2;2;cue;frontal;-0.00904849028299
s1;2;cue;frontal;-0.027065890167099996
s0;2;cue;frontal;0.0242960024654
s13;1;cue;frontal;-0.010346102320000002
s11;1;cue;frontal;-0.05881368166
s9;13;cue;frontal;0.0200739571079
s8;13;cue;frontal;0.00841925673815
s7;13;cue;frontal;-0.0175130907603
s8;7;cue;frontal;0.0190275220282
s6;7;cue;frontal;-0.042295381926499995
s5;7;cue;frontal;-0.014399555076
s4;7;cue;frontal;-0.08678567442360001
s11;8;cue;frontal;-0.0449253297058
s9;10;cue;frontal;0.0104634607701
s12;8;cue;frontal;-0.00319476716939
s0;9;cue;frontal;0.0100270560903
s7;10;cue;frontal;0.0055851620763000005
s6;10;cue;frontal;-0.0642260670844
s5;10;cue;frontal;-0.0255391841237
s4;10;cue;frontal;-0.0665928664573
s3;10;cue;frontal;-0.0932567846039
s2;10;cue;frontal;-0.0037706668274099997
s1;10;cue;frontal;-0.0979839589249
s0;10;cue;frontal;0.0109838741313
s13;9;cue;frontal;-0.08295484081480001
s12;9;cue;frontal;-0.007656073596260002
s11;9;cue;frontal;-0.036139696051500005
s10;9;cue;frontal;-0.0393027138944
s9;9;cue;frontal;-0.00313320233461
s8;9;cue;frontal;-0.00573536473473
s7;9;cue;frontal;0.014398518725999999
s6;9;cue;frontal;-0.07089808257689999
s5;9;cue;frontal;-0.0288370652557
s4;9;cue;frontal;-0.136591741754
s3;9;cue;frontal;-0.0775334474769
s2;9;cue;frontal;-0.037688644057
s1;9;cue;frontal;-0.14604799449300002
s13;8;cue;frontal;-0.0709909206509
s7;7;cue;frontal;0.008843981048030001
s9;7;cue;frontal;0.0036425919011
s6;13;cue;frontal;-0.0376522604288
s10;7;cue;frontal;-0.047083648611699995
s5;13;cue;frontal;-0.014984725195899997
s4;13;cue;frontal;-0.021514218925099998
s3;13;cue;frontal;-0.0476390505751
s2;13;cue;frontal;0.0479183348854
s1;13;cue;frontal;0.0283786550184
s0;13;cue;frontal;-0.021728985185099997
s13;12;cue;frontal;-0.020686078151599997
s12;12;cue;frontal;-0.00303419038518
s11;12;cue;frontal;0.0557662167698
s10;12;cue;frontal;0.00571118118196
s9;12;cue;frontal;0.0242915167749
s7;12;cue;frontal;-0.0140053394853
s2;7;cue;frontal;-0.0783632202795
s10;10;cue;frontal;-0.0161241042357
s8;10;cue;frontal;-0.015140518796299999
s10;8;cue;frontal;-0.0525045392834
s9;8;cue;frontal;-0.008728632014290002
s8;8;cue;frontal;0.0072777902114700005
s7;8;cue;frontal;0.015765089874
s6;8;cue;frontal;-0.0639606670951
s5;8;cue;frontal;-0.0282917476443
s4;8;cue;frontal;-0.160820708077
s3;8;cue;frontal;-0.0338482069836
s2;8;cue;frontal;-0.0696658068792
s1;8;cue;frontal;-0.136059024168
s0;8;cue;frontal;0.0181654208514
s13;7;cue;frontal;-0.0291302997811
s12;7;cue;frontal;-0.00493910613621
s11;7;cue;frontal;-0.0253667098182
s0;0;cue;parietal;-0.00689923478092
